"","CHR","POS","REF","ALT","ALT_AF","MAF","N","pvalue","pvalue_log10","Score","Score_se","Est","Est_se"
"4995081",7,73999009,"C","CA",0.473727799760744,0.473727799760744,21734,3.47703157929929e-10,9.45879136492412,185.774693821602,29.6014639560262,0.212011868956442,0.0337821129889227
"5018029",7,74000259,"A","C",0.472646544584522,0.472646544584522,21734,3.58052032844347e-10,9.44605385621888,185.835461825177,29.6326981049627,0.211634369313659,0.0337465051767434
"5065081",7,74008195,"G","A",0.410945983252047,0.410945983252047,21734,3.65563669007928e-10,9.43703697249348,182.816753931854,29.1663810518058,0.214907168664356,0.0342860500321855
"11006764",7,74010043,"A","C",0.456841814668262,0.456841814668262,21734,5.76892209070496e-11,10.2389053261494,193.248810631633,29.50541166874,0.221979808722071,0.0338920877033371
"5107436",7,74010746,"C","T",0.456680776663293,0.456680776663293,21734,4.26913141895321e-11,10.3696604758712,194.567553484669,29.5048643171191,0.22350290611262,0.0338927164433624
"6107425",7,74010908,"A","C",0.470092941934297,0.470092941934297,21734,2.15428375809086e-09,8.66669709284092,177.063934040103,29.5810349601828,0.202350079708687,0.0338054432965594
"11107762",7,74012014,"CGG","CG",0.456772798380418,0.456772798380418,21734,4.26933183807999e-11,10.3696400879119,194.581425222708,29.5069990399334,0.223486500441649,0.0338902644300305
"12107510",7,74012231,"G","A",0.411360080979111,0.411360080979111,21734,4.39619220803194e-10,9.35692332783572,182.041349881507,29.1767092130906,0.213844179106239,0.0342739132332077
"13107384",7,74012391,"G","A",0.456795803809699,0.456795803809699,21734,6.1446688765953e-11,10.2115015153718,193.01504113808,29.5122113294242,0.221609130375084,0.0338842789121323
"15107353",7,74013380,"G","A",0.457278917824607,0.457278917824607,21734,1.62428734220029e-11,10.789337140062,198.809728287151,29.5130295383897,0.228249611376172,0.0338833395161695
"17107341",7,74013892,"A","G",0.457025858102512,0.457025858102512,21734,1.45280507385685e-11,10.8377926520663,199.252484267228,29.5077895034174,0.228839184497704,0.0338893565674984
"18107332",7,74014341,"C","T",0.45681880923898,0.45681880923898,21734,3.29666343116173e-11,10.4819253893599,195.747789076198,29.5126643054786,0.224739820489206,0.0338837588382139
"19107309",7,74014477,"G","A",0.456772798380418,0.456772798380418,21734,3.32520456305181e-11,10.4781816322039,195.688812676451,29.5094320517374,0.224721329819111,0.0338874702246641
"21107609",7,74014604,"A","G",0.470069936505015,0.470069936505015,21734,1.19941649624704e-09,8.92102998236184,179.847769851037,29.5786601957261,0.205564473627035,0.0338081574142595
"22107268",7,74014840,"TGGGAAGGGGGTGTCTG","T",0.455990613784853,0.455990613784853,21734,6.66347627469334e-11,10.1762991442467,192.561151133583,29.4975330237157,0.221308085645318,0.0339011401121583
"23106974",7,74014865,"C","T",0.455990613784853,0.455990613784853,21734,6.66347627469334e-11,10.1762991442467,192.561151133583,29.4975330237157,0.221308085645318,0.0339011401121583
"25106241",7,74015151,"CTTTTTTTTTTTT","CTTTTTT",0.404251403331186,0.404251403331186,21734,5.01837737218797e-09,8.29943668369567,170.730318551178,29.2018334494098,0.200212141670941,0.0342444251568119
"27105007",7,74015158,"T","A",0.404159381614061,0.404159381614061,21734,3.74616887848963e-09,8.42641264838551,172.131087258499,29.1993650998482,0.201888924808553,0.0342473199872829
"3818379",7,74015790,"A","T",0.455806570350603,0.455806570350603,21734,1.09152279661006e-10,9.96196718955762,190.35201790555,29.4950242675685,0.218806374127788,0.0339040236389823
"3918278",7,74016071,"G","T",0.457531977546701,0.457531977546701,21734,4.16754884275306e-11,10.3801193016346,194.685112228694,29.5067073649963,0.223610010876338,0.0338905994365978
"4018247",7,74016342,"G","A",0.457554982975982,0.457554982975982,21734,3.94580791140703e-11,10.4038640607581,194.948639498386,29.5104052324084,0.223856578865457,0.0338863526991421
"4118559",7,74016429,"G","C",0.457623999263826,0.457623999263826,21734,4.53499894406847e-11,10.3434228097252,194.340130401783,29.5105172208286,0.223156143354386,0.0338862241050183
"4218252",7,74016839,"A","G",0.457324928683169,0.457324928683169,21734,3.06871884818736e-11,10.5130428992104,196.194574091109,29.532986999203,0.224942876280307,0.0338604422243841
"4318088",7,74016953,"G","A",0.411107021257017,0.411107021257017,21734,4.97573003664851e-10,9.3031431907719,181.559289813485,29.1902154621223,0.21308058182016,0.0342580547683047
"4418051",7,74017096,"C","CA",0.452470783104813,0.452470783104813,21734,1.30721788231936e-11,10.8836520197625,200.040001891498,29.5574491568981,0.228972300509747,0.0338324188495346
"4618045",7,74017206,"A","G",0.457808042698077,0.457808042698077,21734,9.69606466914103e-11,10.0134044965856,190.996585195442,29.5129689589583,0.219280392815107,0.0338834090663882
"4718043",7,74017335,"G","C",0.457278917824607,0.457278917824607,21734,6.33750270685815e-11,10.1980818421638,192.951183822139,29.5233150610519,0.221369204863587,0.0338715350201046
"4818036",7,74017363,"G","T",0.456956841814668,0.456956841814668,21734,5.54217964708208e-11,10.2563194008793,193.514829463066,29.5190499358921,0.222080026273679,0.0338764290236896
"4918033",7,74018300,"A","G",0.464916720346002,0.464916720346002,21734,1.50690251348267e-09,8.82191484272584,178.958593694939,29.6111384538468,0.204099691560446,0.0337710757578147
"8017994",7,74028685,"G","A",0.403331186159934,0.403331186159934,21734,2.43320455358871e-09,8.61382137945365,173.39453173473,29.0643725438285,0.205264333758312,0.0344063852915462
"8817973",7,74030784,"T","C",0.403814300174841,0.403814300174841,21734,3.43112275742949e-09,8.46456374363997,171.833770018343,29.077464385418,0.203233573559755,0.0343908941558703
"9118362",7,74031459,"A","G",0.469954909358609,0.469954909358609,21734,4.4860470854753e-09,8.3481361723815,174.061285307798,29.6769809464128,0.197634495928504,0.0336961499488671
"11817955",7,74042265,"C","CA",0.40747216343057,0.40747216343057,21734,3.46039228185245e-09,8.46087466531506,172.078846921618,29.1258336725674,0.202848012604153,0.0343337811800341
"13118341",7,74049399,"T","C",0.469563817060826,0.469563817060826,21734,2.48311757451317e-09,8.60500271630795,177.172344717804,29.714125055196,0.200664265198359,0.0336540281143205
"14317961",7,74054839,"C","T",0.403216159013527,0.403216159013527,21734,8.27708790372559e-09,8.08212243251406,167.471722140163,29.0612472354187,0.198295558991273,0.0344100854274844
"14717938",7,74056384,"G","A",0.403998343609092,0.403998343609092,21734,1.14638711399429e-08,7.94066870428607,165.967527313903,29.0787809977947,0.196277596106361,0.0343893370246792
"6005717",8,74790245,"TTATACATATATACACATATATGTATATATACATATATACACATATATGTATA","TTATACATATATACACATATATGTATA",0.398914143737922,0.398914143737922,21734,9.92398074866145e-09,8.00331408687849,-165.821659898901,28.9289941288212,-0.198141109949834,0.0345673961405982
"6108706",8,74814366,"G","C",0.404550473911843,0.404550473911843,21734,6.41740458692974e-09,8.19264057963789,-168.220157008591,28.9759960361742,-0.200355508317937,0.0345113244339066
"9108649",8,74814640,"T","G",0.40291708843287,0.40291708843287,21734,1.11391658481739e-08,7.95314732990726,-165.625090592395,28.993941670497,-0.197020586287341,0.0344899638470873
"4619366",8,74824216,"CTTTT","CTTT",0.40590779423944,0.40590779423944,21734,3.65683300265364e-09,8.43689487222472,-170.995377979658,28.9871185896756,-0.20350462182058,0.0344980822052514
"4919345",8,74825535,"C","CT",0.397901904849544,0.397901904849544,21734,5.47939450714739e-09,8.26126742997062,-168.560604368765,28.9031178133121,-0.201774692195838,0.0345983435579196
"5019338",8,74825583,"C","T",0.405838777951597,0.405838777951597,21734,5.98907209669785e-09,8.22264045882937,-168.648656523656,28.9920649625522,-0.200643265607743,0.0344921964438083
"5319343",8,74827260,"A","AATACAT",0.403561240452747,0.403561240452747,21734,1.06826503915016e-08,7.97132098442328,-165.760861304045,28.981612472876,-0.19734989729132,0.0345046363771479
"5919308",8,74828152,"C","T",0.405217631361001,0.405217631361001,21734,6.33408848277707e-09,8.19831587413218,-168.385334596389,28.9935158920201,-0.200309938630649,0.034490470342551
"6419293",8,74829043,"C","CTT",0.405286647648845,0.405286647648845,21734,5.02084046261767e-09,8.29922357812885,-169.5613670319,29.0023002565801,-0.201586767289618,0.0344800236930558
"6819282",8,74829591,"T","C",0.40519462593172,0.40519462593172,21734,6.70007018215566e-09,8.17392064811062,-168.118659683186,28.9946014962473,-0.199977728329422,0.0344891789642092
"7819258",8,74834263,"G","C",0.405217631361001,0.405217631361001,21734,6.31932100326073e-09,8.19932958316997,-168.412986737745,28.9963254874555,-0.200304010903777,0.0344871283926173
"7919258",8,74834860,"GCACATTCTCCTGATGATT","G",0.405217631361001,0.405217631361001,21734,6.33040352224873e-09,8.19856860563819,-168.414457680596,28.9980438386763,-0.200282021858518,0.0344850847720371
"8019258",8,74835012,"A","ACTG",0.406689978835005,0.406689978835005,21734,3.87495398085846e-09,8.41173345082939,-170.678585346609,28.980420650091,-0.203221505647566,0.0345060553838738
"8219400",8,74836602,"G","A",0.403676267599153,0.403676267599153,21734,6.68543123082000e-09,8.17487057417233,-168.184877802972,29.0041866200648,-0.199924290000229,0.0344777811941195
"8619241",8,74839437,"T","A",0.405332658507408,0.405332658507408,21734,7.90193249853698e-09,8.10226668455562,-167.329394235212,28.9971964538078,-0.199003271977722,0.0344860925294274
"10619222",8,74844644,"A","T",0.40659795711788,0.40659795711788,21734,5.33211446677031e-09,8.27310053597365,-169.153294439857,28.982166789288,-0.201381122677296,0.0345039764373175
"11319336",8,74847707,"C","A",0.405401674795252,0.405401674795252,21734,6.44033724802328e-09,8.19109139023015,-168.317774381143,28.9957957168124,-0.200198084221099,0.0344877584932142
"13019207",8,74850840,"A","G",0.405700745375909,0.405700745375909,21734,9.40549921540014e-09,8.02661814846663,-166.508000334633,29.0027268404672,-0.19795088180165,0.0344795165468618
"13219353",8,74852480,"T","C",0.405677739946627,0.405677739946627,21734,8.63023670046548e-09,8.06397729277885,-166.904594337095,28.9983260624213,-0.198482597068555,0.034484749148879
"13719203",8,74853345,"T","C",0.406114843102972,0.406114843102972,21734,7.81171711954368e-09,8.10725349191332,-167.408743035239,29.001224816943,-0.199042333997744,0.0344813023005767
"14119591",8,74853982,"G","T",0.405976810527284,0.405976810527284,21734,7.76600451369495e-09,8.10980236137274,-167.420073392288,28.9982217197692,-0.199097036482138,0.0344848732333907
"14419197",8,74854917,"C","G",0.406045826815128,0.406045826815128,21734,7.53009955912789e-09,8.12319928174166,-167.556004096769,28.9956847503926,-0.199293555849096,0.0344878904777877
"14619194",8,74855032,"G","GT",0.405608723658783,0.405608723658783,21734,9.22465865406221e-09,8.03504969534776,-166.525425170174,28.9891680677647,-0.198156830391309,0.0344956432575923
"16819180",8,74861071,"T","A",0.406689978835005,0.406689978835005,21734,6.4217315529427e-09,8.19234785316261,-168.308994356679,28.9918622476799,-0.200241965788716,0.0344924376177327
"17119570",8,74862420,"G","C",0.405976810527284,0.405976810527284,21734,8.05051143635443e-09,8.09417652870901,-167.22744259024,28.9953048120773,-0.198907972655636,0.0344883423878846
"17319192",8,74862503,"G","A",0.406045826815128,0.406045826815128,21734,8.05009843067582e-09,8.09419880936654,-167.228228942172,28.9953976736814,-0.198907633916366,0.034488231934397
"21518996",8,74868501,"T","C",0.406574951688598,0.406574951688598,21734,7.77278379567412e-09,8.10942341227027,-167.439331069474,29.0022954989795,-0.199064003388796,0.034480029349235
"21818954",8,74869164,"C","A",0.406298886537223,0.406298886537223,21734,6.71235999798848e-09,8.17312475942798,-168.085652383926,28.9904458467161,-0.1999957906938,0.0344941228323081
"22219051",8,74869583,"C","T",0.406183859390816,0.406183859390816,21734,8.02203151267317e-09,8.0957156363268,-167.287310053062,29.002680820264,-0.198877985217672,0.0344795712574717
"22718802",8,74870784,"G","A",0.40151375724671,0.40151375724671,21734,1.37417611705201e-08,7.861957603694,-165.523429534792,29.1590270190638,-0.194676450583559,0.0342946971223084
"24018436",8,74872745,"T","G",0.406666973405724,0.406666973405724,21734,6.48601711262365e-09,8.18802190982459,-168.335647240478,29.0047923547056,-0.200095154437067,0.0344770611618519
"8455884",8,123529040,"A","G",0.608516609919941,0.391483390080059,21734,5.21406165211561e-10,9.28282383795186,179.687453620828,28.9234276965206,0.214792065844545,0.0345740487777766
"6055911",8,123530673,"T","C",0.285911475108126,0.285911475108126,21734,2.74205805361553e-10,9.56192335476241,168.808680348839,26.7411149050574,0.236067257426525,0.0373955986334316
"6145963",8,123532907,"G","A",0.490383730560412,0.490383730560412,21734,2.52252937696379e-09,8.59816376733923,-176.259664303661,29.5738174110994,-0.201529285071574,0.0338136935823743
"6195907",8,123534073,"G","C",0.492408208337168,0.492408208337168,21734,1.79059923379851e-09,8.74700160567867,-177.818221664466,29.5587971273673,-0.203517963866854,0.0338308759890009
"8465884",8,123541414,"G","A",0.617350694763964,0.382649305236036,21734,1.29306750629107e-10,9.88837880161271,185.262657240748,28.821266046801,0.223029227499912,0.0346966020984701
"8475884",8,123542995,"G","T",0.621353639458912,0.378646360541088,21734,1.66426169832072e-10,9.77877838165087,183.709682007959,28.75179689126,0.222229680444752,0.0347804348988003
"6826055",8,123548642,"C","T",0.20610564093126,0.20610564093126,21734,3.32232992733544e-08,7.47855724169004,133.23201387259,24.1207572969435,0.228995377041521,0.0414580681563724
"6919670",8,123550434,"A","T",0.203229962271096,0.203229962271096,21734,7.40406307532937e-09,8.13052989014188,138.623957456971,23.9771908694974,0.241124695404951,0.0417063035216587
"7305888",8,123559120,"G","A",0.209809515045551,0.209809515045551,21734,1.05000032941214e-08,7.97881056468068,138.903329745887,24.2734108776382,0.235749642081592,0.0411973416114028
"5109132",8,123561190,"T","TA",0.193360633109414,0.193360633109414,21734,5.89220856560878e-09,8.22972188890173,137.254914692062,23.5841751245185,0.246766682258027,0.0424013133688269
"8095887",8,123561190,"T","TAAA",0.662027238428269,0.337972761571731,21734,2.93181430577664e-12,11.532863540351,196.143876372981,28.0970000073166,0.248459067430079,0.0355909883524787
"3820089",8,123567745,"G","A",0.281678476120364,0.281678476120364,21734,3.46515293310186e-15,14.4602775932206,210.20658614336,26.7000218802516,0.294864904293036,0.0374531528282994
"5319733",8,123570620,"C","CTT",0.337535658415386,0.337535658415386,21734,6.52852573007181e-10,9.18518487991661,174.050503343463,28.1766846845056,0.219227736395217,0.0354903357579858
"6719674",8,123572627,"A","G",0.200630348762308,0.200630348762308,21734,1.38027651800701e-09,8.86003390039975,144.786366697272,23.9009630127627,0.253452669817362,0.0418393183348311
"11319725",8,123581944,"G","A",0.456312689794792,0.456312689794792,21734,7.0679771964498e-10,9.15070486033562,181.715105523425,29.4773885669924,0.209128401584148,0.0339243077020655
"11819605",8,123582683,"G","A",0.202378761387688,0.202378761387688,21734,7.80324110345428e-11,10.1077249741069,155.948322282207,23.9760209992185,0.271285440411329,0.0417083385117403
"12219746",8,123583243,"C","T",0.49086684457532,0.49086684457532,21734,1.87590973408722e-09,8.7267880630417,-177.617107760983,29.5624349467046,-0.203237755069625,0.0338267129146435
"13619592",8,123586103,"CTTTTTTTT","CTTTTTTT",0.202700837397626,0.202700837397626,21734,8.10856851742657e-11,10.0910558091495,156.112463914466,24.0225776518997,0.270519369433455,0.0416275061939875
"13919590",8,123587546,"C","T",0.202263734241281,0.202263734241281,21734,6.32591831931106e-11,10.1988764200241,156.656577829727,23.9689006392014,0.27267944724804,0.041720728666399
"15519577",8,123589295,"G","A",0.20295389711972,0.20295389711972,21734,3.89773730298078e-11,10.409187434513,158.625036656346,24.0053129359496,0.275268801357203,0.0416574448609847
"15619577",8,123589814,"A","C",0.456749792951136,0.456749792951136,21734,4.05827752489866e-10,9.39165825710286,184.202774085783,29.4641014287695,0.212182598932319,0.0339396062159755
"16919569",8,123593720,"C","T",0.202194717953437,0.202194717953437,21734,2.01452854735321e-10,9.69582657395933,152.529464351275,23.9817557431338,0.26521115961792,0.0416983648199448
"17219709",8,123594919,"C","T",0.367350694763964,0.367350694763964,21734,5.40309142125789e-15,14.2673576840596,222.873463860553,28.5108185170165,0.274182032527035,0.0350744051561745
"17819557",8,123595922,"C","T",0.370824514585442,0.370824514585442,21734,2.14313259180854e-15,14.6689509590984,226.359530598785,28.534744607737,0.278003846505336,0.0350449956271505
"18119947",8,123596374,"T","G",0.371445661176038,0.371445661176038,21734,2.15273367628938e-15,14.6670096952449,226.376578109028,28.538890045037,0.277944019914827,0.0350399051407363
"18219697",8,123596414,"C","G",0.205438483482102,0.205438483482102,21734,1.12950570372111e-10,9.94711157165964,155.550183367191,24.1218570418044,0.267330831265832,0.0414561780325183
"19219669",8,123597973,"T","C",0.205622526916352,0.205622526916352,21734,1.18304662974601e-10,9.92699813733125,155.481288058747,24.1374649447187,0.266866965709124,0.0414293714062463
"11296523",10,29849240,"A","G",0.701090457347934,0.298909542652066,21734,2.46153008267481e-08,7.60879485229023,151.208406011806,27.1178611632521,0.205619864863112,0.0368760645974218
"11306523",10,29849482,"T","C",0.693176589675163,0.306823410324837,21734,6.35976658572188e-09,8.19655882340712,157.089613434537,27.0517125753421,0.214663369571342,0.0369662363229273
"113110522",10,29853713,"C","A",0.699779147878899,0.300220852121101,21734,3.28743406606116e-08,7.48314294877837,150.034608454205,27.1536393898163,0.203486385248161,0.0368274758916862
"11326684",10,29855542,"T","C",0.700285267323088,0.299714732676912,21734,1.88535619534675e-08,7.72460658760157,152.650866054708,27.1514242049493,0.207068502360277,0.0368304805100321
"11336555",10,29857047,"T","G",0.700216251035244,0.299783748964756,21734,2.7088193574032e-08,7.56721995572681,150.903674384866,27.1444389495935,0.204803830635425,0.0368399583375797
"11346523",10,29859170,"A","AT",0.671091377565105,0.328908622434895,21734,1.30197946862617e-08,7.88539586425682,158.643954537122,27.9017582546073,0.203779449109958,0.0358400352721455
"11366523",10,29868491,"A","C",0.697869697248551,0.302130302751449,21734,3.39331490453153e-08,7.46937583532855,150.365995001225,27.2410649133725,0.202628938927519,0.0367092844270234
"11386523",10,29871013,"C","A",0.694809975154136,0.305190024845864,21734,1.22695516882479e-08,7.91117130547814,155.504401519605,27.3009298201291,0.208635308812022,0.0366287890774583
"11396523",10,29872239,"A","G",0.688598509248183,0.311401490751817,21734,1.87154393866847e-08,7.72779997239821,154.267587681935,27.4327886606372,0.204990990026873,0.0364527286077511
"11406523",10,29873494,"A","G",0.686712064047115,0.313287935952885,21734,1.07414231571961e-08,7.96893817409544,157.148472018278,27.4803029331118,0.20809762841859,0.0363897007407102
"114110484",10,29874204,"TC","T",0.68627496089077,0.31372503910923,21734,1.10046929566959e-08,7.95842207024584,157.074387051387,27.4871347656449,0.207896142061507,0.0363806562061122
"11426682",10,29877054,"T","C",0.585189104628692,0.414810895371308,21734,1.40380105364357e-12,11.8526944359576,205.803339894165,29.0531844798464,0.24381753427799,0.0344196348146854
"11436554",10,29877106,"C","A",0.584291892886721,0.415708107113279,21734,6.23902885347137e-13,12.2048830058948,209.098047981685,29.0609550341916,0.247588354553322,0.0344104314129887
"11446523",10,29877618,"G","A",0.584176865740315,0.415823134259685,21734,7.04647757770803e-13,12.1520279256829,208.634972918986,29.0637448350718,0.246992613662005,0.0344071283888125
"11456522",10,29878080,"T","C",0.584636974325941,0.415363025674059,21734,1.40550682533038e-12,11.8521670410589,205.923940616931,29.0708999391549,0.243663168784537,0.0343986599002092
"11466522",10,29878825,"G","A",0.583969816876783,0.416030183123217,21734,1.04045768623554e-12,11.9827755771612,207.031835885203,29.0569112878445,0.245210034461613,0.034415220189571
"11476522",10,29879102,"T","C",0.680592619858287,0.319407380141713,21734,2.20080169681918e-10,9.65741908777699,174.675073659617,27.5224847285111,0.23059806368347,0.0363339287809317
"11486522",10,29879770,"C","T",0.679649397257753,0.320350602742247,21734,1.14437521647314e-10,9.94143155620189,177.600965731799,27.5498409646685,0.233995298027108,0.0362978501865929
"11496522",10,29880724,"A","T",0.581531241372964,0.418468758627036,21734,4.40487223525535e-13,12.3560666839212,210.685527155598,29.0901644833893,0.248967322900665,0.0343758798810164
"11506522",10,29881558,"T","G",0.581485230514401,0.418514769485599,21734,2.82683941990688e-13,12.5486988611352,212.49005303238,29.0986683827687,0.250952990015408,0.0343658337503914
"22020565",10,94137050,"G","A",0.174427164810895,0.174427164810895,21734,9.24825600831372e-09,8.03394015670695,128.492263838818,22.3699426357129,0.256771749389502,0.0447028414996261
"22820483",10,94142296,"C","A",0.177279838041778,0.177279838041778,21734,2.12084095893512e-09,8.67349189784204,134.814649283661,22.513119387439,0.265990262090294,0.0444185447067785
"23220502",10,94143704,"T","C",0.176175577436275,0.176175577436275,21734,6.17274335214819e-09,8.20952177957962,130.544612366133,22.461184597882,0.258757912437141,0.0445212493420448
"23320426",10,94144965,"C","G",0.178361093217999,0.178361093217999,21734,3.22604569837208e-09,8.491329484929,133.599486683795,22.5687706568775,0.262294378540388,0.0443090151077974
"23420399",10,94146109,"G","A",0.177256832612497,0.177256832612497,21734,1.69534635262541e-09,8.77074156373349,135.606290560254,22.5087848607753,0.267655231164283,0.0444270984055936
"23720354",10,94150440,"A","G",0.179787429833441,0.179787429833441,21734,5.03198409729901e-09,8.29826074007197,132.227087763191,22.6179571879054,0.258472103695763,0.0442126577432348
"23820334",10,94151004,"C","T",0.16941198122757,0.16941198122757,21734,2.49596749280877e-09,8.60276107515376,131.69062826435,22.0893686271499,0.269890913992313,0.0452706465666433
"5156866",10,94153335,"C","T",0.823502346553787,0.176497653446213,21734,6.9571484146166e-09,8.15756873187858,129.861707777455,22.4210463421867,0.258326736365112,0.0446009514782739
"5186863",10,94158949,"T","C",0.823962455139413,0.176037544860587,21734,6.32915872451401e-09,8.19865401282344,130.133497682926,22.4066004965377,0.259201291427505,0.0446297063293702
"5196863",10,94160050,"C","G",0.824031471427257,0.175968528572743,21734,4.97495838420269e-09,8.30321054780001,131.00157102225,22.401060336115,0.261059410093373,0.0446407440092378
"27318243",10,94170468,"A","G",0.173253887917549,0.173253887917549,21734,1.04651107965836e-08,7.98025616932337,127.32932082485,22.2486504146186,0.257229680461291,0.0449465464809922
"27418115",10,94171330,"G","T",0.174703229962271,0.174703229962271,21734,5.10408846408489e-09,8.29208180702769,130.539613386815,22.338357964155,0.261601259131292,0.0447660477822335
"5227024",10,94175372,"CTCATTCATTCAT","CTCATTCAT",0.82426152572007,0.17573847427993,21734,8.92028053336946e-09,8.0496214873079,128.751671915295,22.3912952050916,0.256799660905922,0.0446602124102499
"28117768",10,94178135,"C","T",0.174749240820834,0.174749240820834,21734,1.43433501994266e-08,7.84334939795756,126.630067447258,22.3363446763465,0.25381228143082,0.0447700827727184
"30115621",10,94186085,"G","A",0.174542191957302,0.174542191957302,21734,7.13261818480494e-09,8.14675102351478,129.231551216906,22.3283767535586,0.259211493477699,0.0447860590600535
"5236895",10,94186763,"A","G",0.82847151927855,0.17152848072145,21734,4.75543265953581e-09,8.32280996387886,129.86506782757,22.1782608181027,0.264020332508583,0.0450891983010573
"5246861",10,94190061,"C","T",0.822950216251035,0.177049783748965,21734,1.23128195584526e-08,7.9096424849677,127.810288675748,22.441214652561,0.253789176242437,0.0445608678265497
"7489386",16,88908108,"A","G",0.385317935032668,0.385317935032668,21734,3.03161790969463e-08,7.51832553594496,-159.382762323501,28.7715245380947,-0.192537620358331,0.0347565871483785
"75210955",16,88908452,"A","G",0.38430569614429,0.38430569614429,21734,3.96383326467855e-08,7.40188462203565,-157.931797463247,28.7543150602773,-0.191013263324057,0.0347773889902685
"7559386",16,88908924,"A","G",0.354237600073617,0.354237600073617,21734,4.30612213128014e-08,7.36591365677244,-155.072447853173,28.309184180601,-0.193499538896702,0.0353242252980662
"7579386",16,88909039,"C","G",0.37342412809423,0.37342412809423,21734,1.52769183793128e-08,7.81596424169181,-160.088527454433,28.2920690504141,-0.200000366327674,0.0353455944921555
"7639416",16,88910069,"T","C",0.381706082635502,0.381706082635502,21734,1.93261843830234e-08,7.71385388135531,-161.361993940494,28.7226920160836,-0.195591946564266,0.0348156781209797
"7649386",16,88910255,"C","G",0.355617925830496,0.355617925830496,21734,4.96666992893247e-08,7.30393470104895,-154.473807630603,28.3308244866708,-0.192458202119462,0.0352972431307279
"7679384",16,88910560,"G","C",0.381176957762032,0.381176957762032,21734,2.72913661037329e-08,7.56397472462825,-159.709759044598,28.7352133161025,-0.193420545379974,0.0348005072730616
"8269378",16,88921453,"T","C",0.377565105364866,0.377565105364866,21734,3.05171494011984e-08,7.51545603615452,-159.013886262313,28.7109335789794,-0.192903640085016,0.0348299367294746
